﻿FIGARO_title,FIGARO_short,FIGARO_code,remote_labor_index,essential_score_BE,demand_shock_household
Crop and animal production hunting and related service activities,Agriculture,A01,0.136349625,1.000,-0.100
Forestry and logging,Forestry,A02,0.150001259,0.000,-0.100
Fishing and aquaculture,Fishing,A03,0.356795328,1.000,-0.100
Mining and quarrying,Mining,B,0.309708972,0.300,-0.100
Manufacture of food products beverages and tobacco products,Manuf. Food-Beverages,C10-C12,0.221096426,1.000,-0.100
Manufacture of textiles wearing apparel and leather products,Manuf. Textiles,C13-C15,0.314690535,0.000,-0.100
Manufacture of wood and of products of wood and cork except furniture manufacture of articles of straw and plaiting materials,Manuf. Wood,C16,0.269313791,0.000,-0.100
Manufacture of paper and paper products,Manuf. Paper,C17,0.314591797,0.571,-0.100
Printing and reproduction of recorded media,Media print,C18,0.390088902,1.000,-0.100
Manufacture of coke and refined petroleum products ,Manuf. Coke-Petroleum,C19,0.359994684,1.000,-0.100
Manufacture of chemicals and chemical products ,Manuf. Chemical,C20,0.367249208,1.000,-0.100
Manufacture of basic pharmaceutical products and pharmaceutical preparations,Manuf. Pharmaceutical,C21,0.402688832,1.000,-0.100
Manufacture of rubber and plastic products,Manuf. Rubber-Plastics,C22,0.294942002,0.500,-0.100
Manufacture of other non-metallic mineral products,Manuf. Minerals,C23,0.360551971,0.000,-0.100
Manufacture of basic metals,Manuf. Metals-basic,C24,0.27364727,0.000,-0.100
Manufacture of fabricated metal products except machinery and equipment,Manuf. Metals-fabricated,C25,0.337427737,0.000,-0.100
Manufacture of computer electronic and optical products,Manuf. Electronic,C26,0.569241757,0.125,-0.100
Manufacture of electrical equipment,Manuf. Electric,C27,0.369360852,0.000,-0.100
Manufacture of machinery and equipment n.e.c.,Manuf. Machinery,C28,0.381645984,0.000,-0.100
Manufacture of motor vehicles trailers and semi-trailers,Manuf. Vehicles,C29,0.30333159,0.000,-0.100
Manufacture of other transport equipment,Manuf. Transport-other,C30,0.402967032,0.000,-0.100
Manufacture of furniture other manufacturing,Manuf. Furniture,C31-C32,0.347958133,0.083,-0.100
Repair and installation of machinery and equipment,Repair-Installation,C33,0.393550718,0.000,-0.100
Electricity gas steam and air conditioning supply,Electricity-Gas,D35,0.415931993,1.000,0.000
Water collection treatment and supply,Water,E36,0.334923541,1.000,0.000
Sewerage waste collection treatment and disposal activities materials recovery remediation activities and other waste management services ,Sewage,E37-E39,0.298050702,1.000,0.000
Construction,Construction,F,0.284442507,0.000,-0.100
Wholesale and retail trade and repair of motor vehicles and motorcycles,Vehicle trade,G45,0.453760604,0.670,-0.100
Wholesale trade except of motor vehicles and motorcycles,Wholesale,G46,0.500500844,1.000,-0.100
Retail trade except of motor vehicles and motorcycles,Retail,G47,0.496752036,0.500,-0.100
Land transport and transport via pipelines,Land transport,H49,0.313881545,1.000,-0.670
Water transport,Water transport,H50,0.352511046,1.000,-0.670
Air transport,Air transport,H51,0.287665367,1.000,-0.670
Warehousing and support activities for transportation,Warehousing,H52,0.296415779,1.000,-0.670
Postal and courier activities,Postal,H53,0.355895372,1.000,0.000
Accommodation and food service activities,Accommodation-Food,I,0.353588528,0.067,-0.800
Publishing activities,Publishing,J58,0.697560091,1.000,0.000
Motion picture video and television programme production sound recording and music publishing activities programming and broadcasting activities,Video-Sound-Broadcasting,J59-J60,0.560746799,1.000,0.000
Telecommunications,Telecommunications,J61,0.551494282,1.000,0.000
Computer programming consultancy and related activities information service activities,IT,J62-J63,0.71139859,0.750,0.000
Financial service activities except insurance and pension funding,Finance,K64,0.714323303,1.000,0.000
Insurance reinsurance and pension funding except compulsory social security,Insurance,K65,0.71326834,1.000,0.000
Activities auxiliary to financial services and insurance activities,Auxil. Finance-Insurance,K66,0.716516068,1.000,0.000
Real estate activities,Real estate,L68,0.487232301,0.222,0.000
Legal and accounting activities activities of head offices management consultancy activities,Legal,M69-M70,0.637187925,0.700,0.000
Architectural and engineering activities technical testing and analysis,Architecture-Engineering,M71,0.540833524,0.000,0.000
Scientific research and development,R&D,M72,0.589161256,0.000,0.000
Advertising and market research,Advertising,M73,0.603212437,0.000,0.000
Other professional scientific and technical activities veterinary activities,Other Science,M74-M75,0.608379985,0.400,0.000
Rental and leasing activities,Rental-leasing,N77,0.512459594,0.000,0.000
Employment activities,Employment,N78,0.322281798,0.000,0.000
Travel agency and tour operator reservation service and related activities,Travel service,N79,0.50547399,0.000,0.000
Security and investigation. service and landscape. office administrative and support activities,Administrative service,N80-N82,0.369096222,0.267,0.000
Public administration and defence compulsory social security,Public Administration,O84,0.446167314,1.000,0.000
Education,Education,P85,0.539923712,1.000,0.000
Human health activities,Health,Q86,0.373585274,1.000,0.150
Residential care activities and social work activities withour accomodation,Social work,Q87-Q88,0.389067489,1.000,0.150
"Creative, arts and entertainment activities, libraries, archives, museums and other cultural activities, gambling and betting activities",Entertainment activities,R90-R92,0.471799321,0.000,-0.800
Sports activities and amusement and recreation activities,Sports activities,R93,0.395065773,0.000,-0.800
Activities of membership organisations,Membership activities,S94,0.540799687,0.000,-0.050
Repair of computers and personal and houshold goods,Repair service,S95,0.359384258,0.000,-0.050
Other personal service activities,Other service,S96,0.313099091,0.154,-0.050
Activities of households as employers undifferentiated goods- and services-producing activities of households for own use,Household activities,T,,0.000,0.000
Activities of extraterritorial organizations and bodies,Extra. Organizations,U,,0.000,0.000
